"Name","Runtime","Notes","Tags","growing_jump","target_state","loss","loss0","step","total_seconds"
"glorious-violet-1544","100","-","","10","sconf_image(""final/wildflowers.png"")","0.009763185866177082","0.009763185866177082","1458","98.5869972705841"
"crisp-rain-1543","74","-","","10","sconf_image(""final/waterfall.png"")","0.00948010478168726","0.00948010478168726","1131","72.00799894332886"
"major-snow-1542","65","-","","10","sconf_image(""final/water.png"")","0.009934657253324986","0.009934657253324986","949","63.022995471954346"
"olive-moon-1541","66","-","","10","sconf_image(""final/watch.png"")","0.009831514209508896","0.009831514209508896","935","63.24599742889404"
"helpful-forest-1540","76","-","","10","sconf_image(""final/stress.png"")","0.009527773596346378","0.009527773596346378","1154","73.72399806976318"
"wild-yogurt-1539","82","-","","10","sconf_image(""final/rose.png"")","0.009400884620845318","0.009400884620845318","1279","79.84699130058289"
"winter-water-1538","108","-","","10","sconf_image(""final/pills.png"")","0.009936392307281494","0.009936392307281494","1616","105.82999753952026"
"summer-energy-1537","112","-","","10","sconf_image(""final/peppers.png"")","0.009956310503184795","0.009956310503184795","1681","109.81799936294556"
"volcanic-salad-1536","68","-","","10","sconf_image(""final/opera.png"")","0.008736592717468739","0.008736592717468739","1012","66.99799919128418"
"deft-lion-1535","96","-","","10","sconf_image(""final/newyork.png"")","0.00985010713338852","0.00985010713338852","1418","93.30499863624571"
"grateful-frog-1534","71","-","","10","sconf_image(""final/machine.png"")","0.009877647273242474","0.009877647273242474","1111","68.92900037765503"
"crimson-mountain-1533","94","-","","10","sconf_image(""final/lena.png"")","0.009576947428286076","0.009576947428286076","1315","91.25999784469604"
"unique-frog-1532","133","-","","10","sconf_image(""final/lake.png"")","0.009989903308451176","0.009989903308451176","1843","130.98699760437012"
"tough-bee-1531","86","-","","10","sconf_image(""final/kid.png"")","0.009820175357162952","0.009820175357162952","1293","83.9910020828247"
"amber-dawn-1530","67","-","","10","sconf_image(""final/fontaine.png"")","0.009909904561936855","0.009909904561936855","1065","65.00399994850159"
"revived-shadow-1529","130","-","","10","sconf_image(""final/f16.png"")","0.009892795234918594","0.009892795234918594","1892","128.1110019683838"
"polar-pine-1528","47","-","","10","sconf_image(""final/f15.png"")","0.009491843171417711","0.009491843171417711","701","45.06799602508545"
"quiet-flower-1527","90","-","","10","sconf_image(""final/corrosion.png"")","0.009808246046304704","0.009808246046304704","1338","87.69298100471497"
"silvery-meadow-1526","101","-","","10","sconf_image(""final/cathedral.png"")","0.009857016615569592","0.009857016615569592","1414","98.3049976825714"
"splendid-mountain-1525","90","-","","10","sconf_image(""final/bonito.png"")","0.009546227753162384","0.009546227753162384","1452","87.24100160598755"
"usual-resonance-1524","93","-","","10","sconf_image(""final/boat.png"")","0.009552673436701298","0.009552673436701298","1369","91.11699843406676"
"golden-sponge-1523","127","-","","10","sconf_image(""final/bear.png"")","0.00972581747919321","0.00972581747919321","1886","124.55600142478944"
"toasty-gorge-1522","58","-","","10","sconf_image(""final/beach.png"")","0.009918187744915484","0.009918187744915484","889","55.85099911689758"
"legendary-grass-1521","114","-","","10","sconf_image(""final/baboon.png"")","0.009198264218866823","0.009198264218866823","1733","111.66599822044373"
"ancient-valley-1520","195","-","","10","sconf_image(""final/arctic.png"")","0.00968827586621046","0.00968827586621046","2844","192.4319977760315"
"whole-wood-1519","131","-","","10","sconf_image(""final/arch.png"")","0.009839761070907116","0.009839761070907116","1894","129.1200008392334"
"classic-field-1518","171","-","","0","sconf_image(""final/wildflowers.png"")","0.009236211888492107","0.009236211888492107","1761","168.52999997138977"
"celestial-snowflake-1517","131","-","","0","sconf_image(""final/waterfall.png"")","0.009925797581672668","0.009925797581672668","1355","129.08400130271912"
"dry-fog-1516","116","-","","0","sconf_image(""final/water.png"")","0.0098705617710948","0.0098705617710948","1193","113.72899842262268"
"firm-fog-1515","98","-","","0","sconf_image(""final/watch.png"")","0.009393802843987942","0.009393802843987942","998","95.253000497818"
"unique-donkey-1514","115","-","","0","sconf_image(""final/stress.png"")","0.009401378221809864","0.009401378221809864","1188","113.085999250412"
"fresh-puddle-1513","180","-","","0","sconf_image(""final/rose.png"")","0.00976234208792448","0.00976234208792448","1876","177.94500184059143"
"logical-sound-1512","148","-","","0","sconf_image(""final/pills.png"")","0.009958243928849695","0.009958243928849695","1533","145.6499981880188"
"laced-elevator-1511","151","-","","0","sconf_image(""final/peppers.png"")","0.008976995013654232","0.008976995013654232","1569","149.12299823760986"
"ethereal-brook-1510","170","-","","0","sconf_image(""final/opera.png"")","0.009981620125472546","0.009981620125472546","1775","167.47799634933472"
"sparkling-shadow-1509","152","-","","0","sconf_image(""final/newyork.png"")","0.00982112716883421","0.00982112716883421","1582","149.67299556732178"
"scarlet-sun-1508","104","-","","0","sconf_image(""final/machine.png"")","0.009851847775280476","0.009851847775280476","1051","101.82199597358704"
"atomic-hill-1507","160","-","","0","sconf_image(""final/lena.png"")","0.009319344535470009","0.009319344535470009","1669","157.49200057983398"
"good-voice-1506","144","-","","0","sconf_image(""final/lake.png"")","0.009250815026462078","0.009250815026462078","1493","141.5289945602417"
"royal-galaxy-1505","138","-","","0","sconf_image(""final/kid.png"")","0.009580054320394993","0.009580054320394993","1435","135.81999897956848"
"drawn-cloud-1504","93","-","","0","sconf_image(""final/fontaine.png"")","0.009226293303072453","0.009226293303072453","962","90.96899890899658"
"gentle-cherry-1503","133","-","","0","sconf_image(""final/f16.png"")","0.00957141164690256","0.00957141164690256","1381","130.83099460601807"
"deft-water-1502","77","-","","0","sconf_image(""final/f15.png"")","0.009305666200816631","0.009305666200816631","781","74.69499731063843"
"fresh-puddle-1501","128","-","","0","sconf_image(""final/corrosion.png"")","0.00994319561868906","0.00994319561868906","1335","125.8989999294281"
"upbeat-cherry-1500","136","-","","0","sconf_image(""final/cathedral.png"")","0.009735800325870514","0.009735800325870514","1410","133.61999320983887"
"stoic-darkness-1499","110","-","","0","sconf_image(""final/bonito.png"")","0.00933969672769308","0.00933969672769308","1140","108.09600019454956"
"stoic-glitter-1498","150","-","","0","sconf_image(""final/boat.png"")","0.00941244326531887","0.00941244326531887","1563","148.06499862670898"
"scarlet-forest-1497","93","-","","0","sconf_image(""final/bear.png"")","0.009882797487080095","0.009882797487080095","950","90.48800015449524"
"noble-gorge-1496","90","-","","0","sconf_image(""final/beach.png"")","0.009612273424863815","0.009612273424863815","917","87.26999998092651"
"deft-wave-1495","122","-","","0","sconf_image(""final/baboon.png"")","0.00978127494454384","0.00978127494454384","1267","120.2640016078949"
"fiery-snowflake-1494","181","-","","0","sconf_image(""final/arctic.png"")","0.008623355999588966","0.008623355999588966","1893","179.15500020980835"
"kind-sea-1493","213","-","","0","sconf_image(""final/arch.png"")","0.008233307860791683","0.008233307860791683","2244","210.85300040245056"
"logical-thunder-1492","104","-","","10","sconf_image(""final/wildflowers.png"")","0.009791535325348375","0.009791535325348375","1586","101.97600054740906"
"effortless-field-1491","91","-","","10","sconf_image(""final/waterfall.png"")","0.008923165500164032","0.008923165500164032","1422","88.6249988079071"
"different-pond-1490","79","-","","10","sconf_image(""final/water.png"")","0.00971792545169592","0.00971792545169592","1150","77.92999815940857"
"graceful-breeze-1489","65","-","","10","sconf_image(""final/watch.png"")","0.0092173358425498","0.0092173358425498","1001","63.821999311447144"
"magic-thunder-1488","67","-","","10","sconf_image(""final/stress.png"")","0.00992401037365198","0.00992401037365198","1046","65.8929991722107"
"leafy-flower-1487","101","-","","10","sconf_image(""final/rose.png"")","0.008848008699715137","0.008848008699715137","1545","99.82099962234496"
"prime-darkness-1486","111","-","","10","sconf_image(""final/pills.png"")","0.009985284879803658","0.009985284879803658","1614","108.38199973106384"
"jolly-sea-1485","82","-","","10","sconf_image(""final/peppers.png"")","0.00924654584378004","0.00924654584378004","1278","79.88199949264526"
"curious-pyramid-1484","85","-","","10","sconf_image(""final/opera.png"")","0.009987697005271912","0.009987697005271912","1246","82.3789975643158"
"comfy-energy-1483","92","-","","10","sconf_image(""final/newyork.png"")","0.009930719621479511","0.009930719621479511","1362","89.7139823436737"
"earthy-planet-1482","79","-","","10","sconf_image(""final/machine.png"")","0.008642912842333317","0.008642912842333317","1297","76.12099838256836"
"balmy-dawn-1481","83","-","","10","sconf_image(""final/lena.png"")","0.009043827652931212","0.009043827652931212","1237","80.52699780464172"
"copper-leaf-1480","119","-","","10","sconf_image(""final/lake.png"")","0.009538489393889904","0.009538489393889904","1825","117.70000219345091"
"glorious-fire-1479","90","-","","10","sconf_image(""final/kid.png"")","0.00955319032073021","0.00955319032073021","1272","87.31399774551392"
"summer-dream-1478","75","-","","10","sconf_image(""final/fontaine.png"")","0.009509197436273098","0.009509197436273098","1171","72.79899787902832"
"earnest-puddle-1477","149","-","","10","sconf_image(""final/f16.png"")","0.009487800300121307","0.009487800300121307","2063","146.7259976863861"
"royal-snowflake-1476","43","-","","10","sconf_image(""final/f15.png"")","0.009358606301248074","0.009358606301248074","668","40.91199827194214"
"glad-wind-1475","98","-","","10","sconf_image(""final/corrosion.png"")","0.009605693630874155","0.009605693630874155","1431","96.23398184776306"
"solar-sun-1474","100","-","","10","sconf_image(""final/cathedral.png"")","0.009892157278954984","0.009892157278954984","1416","97.41199922561646"
"hopeful-lake-1473","84","-","","10","sconf_image(""final/bonito.png"")","0.00996600929647684","0.00996600929647684","1224","81.62699818611145"
"morning-sea-1472","121","-","","10","sconf_image(""final/boat.png"")","0.009923978708684444","0.009923978708684444","1723","119.23900055885316"
"fast-sun-1471","93","-","","10","sconf_image(""final/bear.png"")","0.009608502499759196","0.009608502499759196","1472","90.1819999217987"
"comic-pyramid-1470","50","-","","10","sconf_image(""final/beach.png"")","0.009709932841360567","0.009709932841360567","785","48.22699880599976"
"gentle-surf-1469","85","-","","10","sconf_image(""final/baboon.png"")","0.009872011840343475","0.009872011840343475","1369","82.29699850082397"
"polished-wood-1468","197","-","","10","sconf_image(""final/arctic.png"")","0.009699550457298756","0.009699550457298756","2754","194.538996219635"
"vague-dream-1467","136","-","","10","sconf_image(""final/arch.png"")","0.009663048200309277","0.009663048200309277","2051","134.39600157737732"
"apricot-paper-1466","174","-","","0","sconf_image(""final/wildflowers.png"")","0.009995441883802414","0.009995441883802414","1824","172.04599928855896"
"fearless-deluge-1465","99","-","","0","sconf_image(""final/waterfall.png"")","0.009979017078876495","0.009979017078876495","1026","97.6339979171753"
"fresh-wildflower-1464","111","-","","0","sconf_image(""final/water.png"")","0.009618126787245274","0.009618126787245274","1143","108.49000024795532"
"vibrant-serenity-1463","85","-","","0","sconf_image(""final/watch.png"")","0.009984980337321758","0.009984980337321758","886","84.16699528694153"
"swift-wildflower-1462","99","-","","0","sconf_image(""final/stress.png"")","0.009670466184616089","0.009670466184616089","1032","97.81799626350404"
"neat-smoke-1461","145","-","","0","sconf_image(""final/rose.png"")","0.009417380206286907","0.009417380206286907","1512","143.03300142288208"
"dutiful-hill-1460","125","-","","0","sconf_image(""final/pills.png"")","0.009339298121631144","0.009339298121631144","1298","123.72799873352052"
"confused-music-1459","99","-","","0","sconf_image(""final/peppers.png"")","0.009721347130835056","0.009721347130835056","1023","97.17799997329712"
"stilted-frost-1458","133","-","","0","sconf_image(""final/opera.png"")","0.009835951030254364","0.009835951030254364","1381","131.35199975967407"
"lucky-river-1457","182","-","","0","sconf_image(""final/newyork.png"")","0.009796720929443836","0.009796720929443836","1894","179.76499843597412"
"logical-universe-1456","105","-","","0","sconf_image(""final/machine.png"")","0.00986246671527624","0.00986246671527624","1073","102.18300104141235"
"devoted-pond-1455","139","-","","0","sconf_image(""final/lena.png"")","0.009441898204386234","0.009441898204386234","1444","136.84600067138672"
"cosmic-snowball-1454","141","-","","0","sconf_image(""final/lake.png"")","0.009977317415177822","0.009977317415177822","1462","138.84799933433533"
"driven-moon-1453","128","-","","0","sconf_image(""final/kid.png"")","0.009171034209430218","0.009171034209430218","1205","126.04099440574646"
"rose-butterfly-1452","113","-","","0","sconf_image(""final/fontaine.png"")","0.009321272373199465","0.009321272373199465","1040","110.86299800872804"
"splendid-glitter-1451","123","-","","0","sconf_image(""final/f16.png"")","0.00991114228963852","0.00991114228963852","1198","120.51700043678284"
"crimson-pine-1450","88","-","","0","sconf_image(""final/f15.png"")","0.009866837412118912","0.009866837412118912","633","69.54698324203491"
"rich-pyramid-1449","155","-","","0","sconf_image(""final/corrosion.png"")","0.009995016269385816","0.009995016269385816","1346","126.88099765777588"
"skilled-meadow-1448","126","-","","0","sconf_image(""final/cathedral.png"")","0.009950759820640089","0.009950759820640089","1303","123.25799679756165"
"robust-wood-1447","100","-","","0","sconf_image(""final/bonito.png"")","0.009697300381958485","0.009697300381958485","1031","97.99299931526184"
"floral-sea-1446","158","-","","0","sconf_image(""final/boat.png"")","0.009872585535049438","0.009872585535049438","1632","154.49399852752686"
"chocolate-microwave-1445","140","-","","0","sconf_image(""final/bear.png"")","0.0097570875659585","0.0097570875659585","1450","137.7550003528595"
"copper-cosmos-1444","77","-","","0","sconf_image(""final/beach.png"")","0.008866382762789726","0.008866382762789726","788","74.79099988937378"
"worthy-pyramid-1443","137","-","","0","sconf_image(""final/baboon.png"")","0.0099682891741395","0.0099682891741395","1428","134.30400013923645"
"denim-glade-1442","159","-","","0","sconf_image(""final/arctic.png"")","0.009780893102288246","0.009780893102288246","1672","156.78999996185303"
"dauntless-field-1441","154","-","","0","sconf_image(""final/arch.png"")","0.009149420075118542","0.009149420075118542","1626","152.0669994354248"
"smooth-snowflake-1440","110","-","","10","sconf_image(""final/wildflowers.png"")","0.009989762678742409","0.009989762678742409","1614","108.04299807548524"
"sparkling-dust-1439","93","-","","10","sconf_image(""final/waterfall.png"")","0.009699750691652298","0.009699750691652298","1307","90.9539988040924"
"denim-monkey-1438","87","-","","10","sconf_image(""final/water.png"")","0.009138028137385843","0.009138028137385843","1163","84.17399835586548"
"unique-frog-1437","62","-","","10","sconf_image(""final/watch.png"")","0.009892400354146956","0.009892400354146956","920","59.54099988937378"
"colorful-wildflower-1436","74","-","","10","sconf_image(""final/stress.png"")","0.009874658659100533","0.009874658659100533","1129","72.08197951316833"
"fast-feather-1435","99","-","","10","sconf_image(""final/rose.png"")","0.008979395031929016","0.008979395031929016","1404","96.8149960041046"
"major-durian-1434","142","-","","10","sconf_image(""final/pills.png"")","0.009684239514172075","0.009684239514172075","2066","140.1519968509674"
"curious-bush-1433","94","-","","10","sconf_image(""final/peppers.png"")","0.00980594288557768","0.00980594288557768","1420","91.32099866867064"
"fearless-flower-1432","66","-","","10","sconf_image(""final/opera.png"")","0.0099053755402565","0.0099053755402565","920","63.88199996948242"
"faithful-firebrand-1431","119","-","","10","sconf_image(""final/newyork.png"")","0.009613467380404472","0.009613467380404472","1566","116.71199989318848"
"lunar-elevator-1430","84","-","","10","sconf_image(""final/machine.png"")","0.00963826570659876","0.00963826570659876","1334","81.29699945449829"
"kind-dream-1429","86","-","","10","sconf_image(""final/lena.png"")","0.009743898175656796","0.009743898175656796","1414","83.55899715423584"
"hearty-vortex-1428","196","-","","10","sconf_image(""final/lake.png"")","0.00925524439662695","0.00925524439662695","2804","194.2129988670349"
"feasible-cherry-1427","93","-","","10","sconf_image(""final/kid.png"")","0.009164799936115742","0.009164799936115742","1419","90.78400349617004"
"earnest-star-1426","95","-","","10","sconf_image(""final/fontaine.png"")","0.009732913225889206","0.009732913225889206","1418","92.46999621391296"
"splendid-deluge-1425","113","-","","10","sconf_image(""final/f16.png"")","0.009329388849437237","0.009329388849437237","1661","110.41899824142456"
"tough-water-1424","53","-","","10","sconf_image(""final/f15.png"")","0.009390976279973984","0.009390976279973984","787","50.56899881362915"
"good-puddle-1423","75","-","","10","sconf_image(""final/corrosion.png"")","0.009388313628733158","0.009388313628733158","1079","72.98599982261658"
"swift-paper-1422","97","-","","10","sconf_image(""final/cathedral.png"")","0.009600612334907057","0.009600612334907057","1321","94.94999980926514"
"easy-breeze-1421","83","-","","10","sconf_image(""final/bonito.png"")","0.009591531939804554","0.009591531939804554","1312","80.64899969100952"
"wild-pond-1420","139","-","","10","sconf_image(""final/boat.png"")","0.009953836910426617","0.009953836910426617","1928","136.63000178337097"
"apricot-river-1419","113","-","","10","sconf_image(""final/bear.png"")","0.009852806106209757","0.009852806106209757","1698","110.4169819355011"
"dauntless-firefly-1418","64","-","","10","sconf_image(""final/beach.png"")","0.00984728243201971","0.00984728243201971","1004","61.580000162124634"
"robust-sponge-1417","97","-","","10","sconf_image(""final/baboon.png"")","0.009781557135283949","0.009781557135283949","1514","94.51499843597412"
"legendary-lion-1416","191","-","","10","sconf_image(""final/arctic.png"")","0.009870155714452268","0.009870155714452268","2488","188.94999814033508"
"swept-wildflower-1415","100","-","","10","sconf_image(""final/arch.png"")","0.009611431509256365","0.009611431509256365","1506","97.67998147010805"
"gentle-dust-1414","146","-","","0","sconf_image(""final/wildflowers.png"")","0.009175442159175873","0.009175442159175873","1506","144.07199597358704"
"glamorous-moon-1413","89","-","","0","sconf_image(""final/waterfall.png"")","0.009482820518314838","0.009482820518314838","900","87.20000052452087"
"olive-dust-1412","110","-","","0","sconf_image(""final/water.png"")","0.009865415282547474","0.009865415282547474","1122","108.12498116493224"
"smart-microwave-1411","82","-","","0","sconf_image(""final/watch.png"")","0.009475345723330976","0.009475345723330976","829","79.52499961853027"
"silvery-sound-1410","158","-","","0","sconf_image(""final/stress.png"")","0.009633832611143587","0.009633832611143587","1632","156.04099798202515"
"comfy-meadow-1409","141","-","","0","sconf_image(""final/rose.png"")","0.009515002369880676","0.009515002369880676","1457","138.50000190734863"
"upbeat-dawn-1408","188","-","","0","sconf_image(""final/pills.png"")","0.009318586438894272","0.009318586438894272","1957","185.68999862670896"
"helpful-salad-1407","138","-","","0","sconf_image(""final/peppers.png"")","0.009965886361896992","0.009965886361896992","1420","136.33899641036987"
"autumn-energy-1406","149","-","","0","sconf_image(""final/opera.png"")","0.009870871901512146","0.009870871901512146","1533","146.95099806785583"
"decent-pond-1405","224","-","","0","sconf_image(""final/newyork.png"")","0.009924530982971191","0.009924530982971191","2314","221.7519958019257"
"stellar-field-1404","131","-","","0","sconf_image(""final/machine.png"")","0.009819314815104008","0.009819314815104008","1368","129.578999042511"
"revived-fire-1403","147","-","","0","sconf_image(""final/lena.png"")","0.009931386448442936","0.009931386448442936","1524","144.67600011825562"
"happy-morning-1402","214","-","","0","sconf_image(""final/lake.png"")","0.008159875869750977","0.008159875869750977","2237","211.5560004711151"
"fiery-snowball-1401","130","-","","0","sconf_image(""final/kid.png"")","0.009340099059045317","0.009340099059045317","1350","128.3259794712067"
"lyric-energy-1400","89","-","","0","sconf_image(""final/fontaine.png"")","0.009896219708025455","0.009896219708025455","911","86.978999376297"
"solar-terrain-1399","141","-","","0","sconf_image(""final/f16.png"")","0.009318385273218157","0.009318385273218157","1456","138.3270001411438"
"swept-field-1398","70","-","","0","sconf_image(""final/f15.png"")","0.008787539787590504","0.008787539787590504","705","67.551997423172"
"desert-bird-1397","165","-","","0","sconf_image(""final/corrosion.png"")","0.009975391440093516","0.009975391440093516","1739","163.59199786186218"
"smooth-sun-1396","148","-","","0","sconf_image(""final/cathedral.png"")","0.009966159239411354","0.009966159239411354","1543","145.96999788284302"
"dauntless-galaxy-1395","100","-","","0","sconf_image(""final/bonito.png"")","0.009889467619359492","0.009889467619359492","1020","97.27599883079527"
"super-forest-1394","112","-","","0","sconf_image(""final/boat.png"")","0.009517497383058071","0.009517497383058071","1151","109.41799998283386"
"breezy-thunder-1393","143","-","","0","sconf_image(""final/bear.png"")","0.009628459811210632","0.009628459811210632","1484","141.0119993686676"
"glad-rain-1392","74","-","","0","sconf_image(""final/beach.png"")","0.008913378231227398","0.008913378231227398","751","72.07200169563293"
"polar-oath-1391","137","-","","0","sconf_image(""final/baboon.png"")","0.009734231047332289","0.009734231047332289","1424","134.85600066184998"
"silver-violet-1390","168","-","","0","sconf_image(""final/arctic.png"")","0.009698857553303242","0.009698857553303242","1749","165.75999999046326"
"laced-lion-1389","222","-","","0","sconf_image(""final/arch.png"")","0.00991137232631445","0.00991137232631445","2329","219.57500004768372"
"worldly-field-1388","118","-","","10","sconf_image(""final/wildflowers.png"")","0.009210377931594849","0.009210377931594849","1746","115.25600123405457"
"distinctive-moon-1387","95","-","","10","sconf_image(""final/waterfall.png"")","0.009510049596428871","0.009510049596428871","1474","92.44700026512146"
"elated-dew-1386","75","-","","10","sconf_image(""final/water.png"")","0.009950350970029833","0.009950350970029833","1068","72.79999899864197"
"glorious-snowball-1385","56","-","","10","sconf_image(""final/watch.png"")","0.009588240645825865","0.009588240645825865","866","53.24999976158142"
"polished-sound-1384","71","-","","10","sconf_image(""final/stress.png"")","0.009623810648918152","0.009623810648918152","1019","68.285001039505"
"light-snow-1383","107","-","","10","sconf_image(""final/rose.png"")","0.009351982735097408","0.009351982735097408","1518","104.39200019836426"
"solar-firefly-1382","108","-","","10","sconf_image(""final/pills.png"")","0.009777112863957882","0.009777112863957882","1711","105.648996591568"
"splendid-totem-1381","100","-","","10","sconf_image(""final/peppers.png"")","0.009540408849716188","0.009540408849716188","1624","97.94500088691711"
"cool-hill-1380","90","-","","10","sconf_image(""final/opera.png"")","0.009772359393537045","0.009772359393537045","1262","87.61799836158752"
"graceful-pond-1379","123","-","","10","sconf_image(""final/newyork.png"")","0.009482375346124172","0.009482375346124172","1780","121.09599947929382"
"splendid-brook-1378","91","-","","10","sconf_image(""final/machine.png"")","0.009516596794128418","0.009516596794128418","1326","89.08900094032288"
"fiery-monkey-1377","86","-","","10","sconf_image(""final/lena.png"")","0.0094197615981102","0.0094197615981102","1266","83.50700163841248"
"noble-glade-1376","139","-","","10","sconf_image(""final/lake.png"")","0.00962914153933525","0.00962914153933525","2120","137.32900071144104"
"neat-jazz-1375","109","-","","10","sconf_image(""final/kid.png"")","0.008858165703713894","0.008858165703713894","1566","106.4520013332367"
"divine-river-1374","62","-","","10","sconf_image(""final/fontaine.png"")","0.009381527081131937","0.009381527081131937","955","61.12299823760986"
"bright-hill-1373","115","-","","10","sconf_image(""final/f16.png"")","0.009411348961293696","0.009411348961293696","1787","112.55999946594238"
"usual-sunset-1372","42","-","","10","sconf_image(""final/f15.png"")","0.009595667012035848","0.009595667012035848","622","39.47899889945984"
"decent-donkey-1371","107","-","","10","sconf_image(""final/corrosion.png"")","0.009907037019729614","0.009907037019729614","1472","105.07599711418152"
"solar-totem-1370","106","-","","10","sconf_image(""final/cathedral.png"")","0.00995488464832306","0.00995488464832306","1576","104.3039984703064"
"youthful-dream-1369","84","-","","10","sconf_image(""final/bonito.png"")","0.009836210869252682","0.009836210869252682","1232","82.98999738693237"
"youthful-totem-1368","99","-","","10","sconf_image(""final/boat.png"")","0.009993304498493671","0.009993304498493671","1469","96.90699577331544"
"glad-river-1367","111","-","","10","sconf_image(""final/bear.png"")","0.009704156778752804","0.009704156778752804","1669","109.03400015830994"
"fast-resonance-1366","61","-","","10","sconf_image(""final/beach.png"")","0.009430669248104095","0.009430669248104095","955","59.510990142822266"
"fancy-frost-1365","93","-","","10","sconf_image(""final/baboon.png"")","0.009260427206754684","0.009260427206754684","1378","90.3069999217987"
"misty-lion-1364","160","-","","10","sconf_image(""final/arctic.png"")","0.009834760800004004","0.009834760800004004","2356","157.44099807739258"
"good-donkey-1363","115","-","","10","sconf_image(""final/arch.png"")","0.009884717874228954","0.009884717874228954","1722","113.64399909973145"
"eager-universe-1362","155","-","","0","sconf_image(""final/wildflowers.png"")","0.008850163780152798","0.008850163780152798","1635","152.80199766159058"
"hearty-snowball-1361","77","-","","0","sconf_image(""final/waterfall.png"")","0.00919284764677286","0.00919284764677286","795","74.64498782157898"
"fragrant-water-1360","101","-","","0","sconf_image(""final/water.png"")","0.009977671317756176","0.009977671317756176","1050","99.07499551773073"
"radiant-wind-1359","94","-","","0","sconf_image(""final/watch.png"")","0.009846982546150684","0.009846982546150684","973","91.7479989528656"
"stoic-frost-1358","152","-","","0","sconf_image(""final/stress.png"")","0.009729158133268356","0.009729158133268356","1588","149.60099530220032"
"super-donkey-1357","214","-","","0","sconf_image(""final/rose.png"")","0.00987374596297741","0.00987374596297741","2242","211.5289981365204"
"eager-planet-1356","169","-","","0","sconf_image(""final/pills.png"")","0.00916555803269148","0.00916555803269148","1754","166.34600043296814"
"silvery-glitter-1355","151","-","","0","sconf_image(""final/peppers.png"")","0.0095448000356555","0.0095448000356555","1569","148.4570004940033"
"smooth-universe-1354","140","-","","0","sconf_image(""final/opera.png"")","0.009456313215196133","0.009456313215196133","1458","137.1850016117096"
"rare-plasma-1353","158","-","","0","sconf_image(""final/newyork.png"")","0.009817231446504591","0.009817231446504591","1654","155.90199208259585"
"gallant-haze-1352","106","-","","0","sconf_image(""final/machine.png"")","0.009718351066112518","0.009718351066112518","1099","103.9139964580536"
"mild-cosmos-1351","125","-","","0","sconf_image(""final/lena.png"")","0.00964116770774126","0.00964116770774126","1304","123.25899958610536"
"worthy-serenity-1350","178","-","","0","sconf_image(""final/lake.png"")","0.009795335121452808","0.009795335121452808","1883","176.31200122833252"
"pretty-water-1349","106","-","","0","sconf_image(""final/kid.png"")","0.009794595651328564","0.009794595651328564","1097","103.7289981842041"
"hardy-plasma-1348","117","-","","0","sconf_image(""final/fontaine.png"")","0.009892881847918034","0.009892881847918034","1215","114.84999918937685"
"resilient-pine-1347","166","-","","0","sconf_image(""final/f16.png"")","0.009854529984295368","0.009854529984295368","1727","163.36200070381165"
"hopeful-monkey-1346","55","-","","0","sconf_image(""final/f15.png"")","0.009802047163248062","0.009802047163248062","551","52.60699534416199"
"decent-sun-1345","151","-","","0","sconf_image(""final/corrosion.png"")","0.009578070603311062","0.009578070603311062","1577","148.49598741531372"
"brisk-voice-1344","117","-","","0","sconf_image(""final/cathedral.png"")","0.009825128130614758","0.009825128130614758","1223","115.56499814987184"
"driven-leaf-1343","102","-","","0","sconf_image(""final/bonito.png"")","0.009618401527404783","0.009618401527404783","1052","100.1909956932068"
"sleek-water-1342","113","-","","0","sconf_image(""final/boat.png"")","0.009751197881996632","0.009751197881996632","1172","110.82099986076356"
"fluent-fog-1341","158","-","","0","sconf_image(""final/bear.png"")","0.009847686626017094","0.009847686626017094","1647","156.3079993724823"
"dainty-deluge-1340","98","-","","0","sconf_image(""final/beach.png"")","0.009756906889379025","0.009756906889379025","1004","95.69299864768982"
"logical-cosmos-1339","84","-","","0","sconf_image(""final/baboon.png"")","0.009586845524609087","0.009586845524609087","864","82.39599776268005"
"effortless-terrain-1338","174","-","","0","sconf_image(""final/arctic.png"")","0.009861125610768797","0.009861125610768797","1814","171.9459991455078"
"lilac-spaceship-1337","165","-","","0","sconf_image(""final/arch.png"")","0.009009195491671562","0.009009195491671562","1726","163.0029957294464"
"jumping-fog-1336","130","-","","10","sconf_image(""final/wildflowers.png"")","0.009894904680550098","0.009894904680550098","1848","127.80099821090698"
"hopeful-resonance-1335","80","-","","10","sconf_image(""final/waterfall.png"")","0.0096065578982234","0.0096065578982234","1236","77.50399923324585"
"chocolate-lake-1334","70","-","","10","sconf_image(""final/water.png"")","0.009744779206812382","0.009744779206812382","1046","67.80300116539001"
"rural-disco-1333","62","-","","10","sconf_image(""final/watch.png"")","0.009689360857009888","0.009689360857009888","930","59.39900326728821"
"young-sun-1332","75","-","","10","sconf_image(""final/stress.png"")","0.008946239948272705","0.008946239948272705","1074","72.75800085067749"
"earthy-forest-1331","82","-","","10","sconf_image(""final/rose.png"")","0.008944187313318253","0.008944187313318253","1248","79.90899729728699"
"hopeful-sun-1330","125","-","","10","sconf_image(""final/pills.png"")","0.00925825722515583","0.00925825722515583","1887","123.17900013923644"
"wobbly-pond-1329","94","-","","10","sconf_image(""final/peppers.png"")","0.009790717624127865","0.009790717624127865","1414","91.9460015296936"
"lucky-music-1328","84","-","","10","sconf_image(""final/opera.png"")","0.009388909675180912","0.009388909675180912","1209","82.8420033454895"
"curious-vortex-1327","102","-","","10","sconf_image(""final/newyork.png"")","0.009681533090770245","0.009681533090770245","1527","100.13200092315674"
"balmy-frost-1326","76","-","","10","sconf_image(""final/machine.png"")","0.009589181281626225","0.009589181281626225","1195","74.15700125694275"
"fluent-pine-1325","93","-","","10","sconf_image(""final/lena.png"")","0.009993623942136765","0.009993623942136765","1375","90.6669991016388"
"neat-morning-1324","126","-","","10","sconf_image(""final/lake.png"")","0.009363456629216673","0.009363456629216673","1812","124.00299835205078"
"lively-energy-1323","109","-","","10","sconf_image(""final/kid.png"")","0.009920594282448292","0.009920594282448292","1637","106.59400057792664"
"clear-dragon-1322","99","-","","10","sconf_image(""final/fontaine.png"")","0.009986212477087976","0.009986212477087976","1751","97.12699818611144"
"soft-lake-1321","140","-","","10","sconf_image(""final/f16.png"")","0.009917739778757095","0.009917739778757095","2037","137.5749967098236"
"devoted-tree-1320","49","-","","10","sconf_image(""final/f15.png"")","0.008648790419101715","0.008648790419101715","768","47.44400072097778"
"vocal-water-1319","100","-","","10","sconf_image(""final/corrosion.png"")","0.009946387261152267","0.009946387261152267","1549","97.3710000514984"
"easy-meadow-1318","80","-","","10","sconf_image(""final/cathedral.png"")","0.009599117562174795","0.009599117562174795","1243","78.2850022315979"
"playful-jazz-1317","81","-","","10","sconf_image(""final/bonito.png"")","0.009789391420781612","0.009789391420781612","1255","78.78300094604492"
"fancy-shape-1316","93","-","","10","sconf_image(""final/boat.png"")","0.009104430675506592","0.009104430675506592","1427","90.54499745368958"
"floral-firebrand-1315","125","-","","10","sconf_image(""final/bear.png"")","0.009625268168747423","0.009625268168747423","1879","122.68300008773804"
"lively-elevator-1314","52","-","","10","sconf_image(""final/beach.png"")","0.009811258874833584","0.009811258874833584","863","50.34799766540527"
"autumn-wood-1313","91","-","","10","sconf_image(""final/baboon.png"")","0.009970412589609625","0.009970412589609625","1454","88.32799959182739"
"worthy-dragon-1312","147","-","","10","sconf_image(""final/arctic.png"")","0.009647966362535954","0.009647966362535954","2097","144.68599581718445"
"sunny-pyramid-1311","131","-","","10","sconf_image(""final/arch.png"")","0.009817208163440228","0.009817208163440228","1941","129.1699981689453"
"eager-dew-1310","144","-","","0","sconf_image(""final/wildflowers.png"")","0.00978353712707758","0.00978353712707758","1514","141.6969985961914"
"sunny-thunder-1309","103","-","","0","sconf_image(""final/waterfall.png"")","0.009636295028030872","0.009636295028030872","1067","100.67700052261353"
"vibrant-sky-1308","86","-","","0","sconf_image(""final/water.png"")","0.009650020860135555","0.009650020860135555","891","83.85699987411499"
"valiant-violet-1307","90","-","","0","sconf_image(""final/watch.png"")","0.009920221753418446","0.009920221753418446","924","87.43300127983093"
"earthy-oath-1306","111","-","","0","sconf_image(""final/stress.png"")","0.009827625006437302","0.009827625006437302","1148","108.37500047683716"
"devoted-shadow-1305","132","-","","0","sconf_image(""final/rose.png"")","0.009917907416820526","0.009917907416820526","1385","130.2290000915527"
"fancy-wave-1304","203","-","","0","sconf_image(""final/pills.png"")","0.009491120465099812","0.009491120465099812","2148","201.22100138664248"
"wandering-glade-1303","155","-","","0","sconf_image(""final/peppers.png"")","0.009902370162308216","0.009902370162308216","1632","152.70799922943115"
"rural-dawn-1302","160","-","","0","sconf_image(""final/opera.png"")","0.00992650631815195","0.00992650631815195","1681","157.96200299263"
"misunderstood-planet-1301","223","-","","0","sconf_image(""final/newyork.png"")","0.009848116897046566","0.009848116897046566","2366","221.0049958229065"
"splendid-cloud-1300","102","-","","0","sconf_image(""final/machine.png"")","0.009602879174053667","0.009602879174053667","1057","100.02500009536745"
"eager-salad-1299","129","-","","0","sconf_image(""final/lena.png"")","0.00912781897932291","0.00912781897932291","1344","126.40899848937988"
"elated-wildflower-1298","128","-","","0","sconf_image(""final/lake.png"")","0.009883868508040903","0.009883868508040903","1338","125.96099996566772"
"jolly-river-1297","106","-","","0","sconf_image(""final/kid.png"")","0.009863875806331636","0.009863875806331636","1105","104.20399045944214"
"sparkling-music-1296","110","-","","0","sconf_image(""final/fontaine.png"")","0.009544293396174908","0.009544293396174908","1141","107.46599650382996"
"dandy-blaze-1295","176","-","","0","sconf_image(""final/f16.png"")","0.00990439672023058","0.00990439672023058","1845","173.8889970779419"
"vibrant-night-1294","76","-","","0","sconf_image(""final/f15.png"")","0.009853866882622242","0.009853866882622242","782","73.81999921798706"
"driven-cherry-1293","139","-","","0","sconf_image(""final/corrosion.png"")","0.00984024628996849","0.00984024628996849","1441","136.453999042511"
"misty-leaf-1292","163","-","","0","sconf_image(""final/cathedral.png"")","0.009908060543239117","0.009908060543239117","1706","160.95900177955627"
"genial-cherry-1291","113","-","","0","sconf_image(""final/bonito.png"")","0.009961864911019802","0.009961864911019802","1175","111.31699800491332"
"young-tree-1290","148","-","","0","sconf_image(""final/boat.png"")","0.009593553841114044","0.009593553841114044","1541","146.11099934577942"
"eager-rain-1289","128","-","","0","sconf_image(""final/bear.png"")","0.00939083844423294","0.00939083844423294","1323","125.16099691390993"
"golden-resonance-1288","86","-","","0","sconf_image(""final/beach.png"")","0.00941948127001524","0.00941948127001524","880","83.53899550437927"
"playful-universe-1287","146","-","","0","sconf_image(""final/baboon.png"")","0.009005327709019184","0.009005327709019184","1519","143.39599871635437"
"rosy-tree-1286","118","-","","0","sconf_image(""final/arctic.png"")","0.009989144280552864","0.009989144280552864","1217","115.61899948120116"
"sweet-totem-1285","191","-","","0","sconf_image(""final/arch.png"")","0.00951186940073967","0.00951186940073967","1992","188.672997713089"
"swept-resonance-1284","109","-","","10","sconf_image(""final/wildflowers.png"")","0.009630689397454262","0.009630689397454262","1542","106.73700070381165"
"brisk-butterfly-1283","94","-","","10","sconf_image(""final/waterfall.png"")","0.009155264124274254","0.009155264124274254","1375","91.95599508285522"
"lemon-river-1282","65","-","","10","sconf_image(""final/water.png"")","0.00991839449852705","0.00991839449852705","951","62.22200012207031"
"spring-music-1281","63","-","","10","sconf_image(""final/watch.png"")","0.009819258004426956","0.009819258004426956","956","61.21899628639221"
"chocolate-eon-1280","66","-","","10","sconf_image(""final/stress.png"")","0.009302052669227123","0.009302052669227123","1067","63.34600043296814"
"jumping-sky-1279","115","-","","10","sconf_image(""final/rose.png"")","0.009912323206663132","0.009912323206663132","1621","113.3570008277893"
"desert-star-1278","130","-","","10","sconf_image(""final/pills.png"")","0.009892118163406847","0.009892118163406847","1978","127.51599740982056"
"visionary-glitter-1277","72","-","","10","sconf_image(""final/peppers.png"")","0.009412762708961964","0.009412762708961964","1067","69.62699604034424"
"efficient-bush-1276","85","-","","10","sconf_image(""final/opera.png"")","0.009490584954619408","0.009490584954619408","1252","82.58700132369995"
"amber-bush-1275","129","-","","10","sconf_image(""final/newyork.png"")","0.009701930917799473","0.009701930917799473","1876","126.77399826049805"
"giddy-silence-1274","68","-","","10","sconf_image(""final/machine.png"")","0.009543112479150295","0.009543112479150295","1050","65.996999502182"
"lively-sun-1273","85","-","","10","sconf_image(""final/lena.png"")","0.009877044707536696","0.009877044707536696","1306","82.23799967765808"
"toasty-cherry-1272","153","-","","10","sconf_image(""final/lake.png"")","0.009828437119722366","0.009828437119722366","1968","150.7310004234314"
"stellar-feather-1271","134","-","","10","sconf_image(""final/kid.png"")","0.009495179168879986","0.009495179168879986","1995","131.93899536132812"
"upbeat-sun-1270","85","-","","10","sconf_image(""final/fontaine.png"")","0.008901639841496944","0.008901639841496944","1370","82.56600022315979"
"hearty-paper-1269","82","-","","10","sconf_image(""final/f16.png"")","0.008795293979346752","0.008795293979346752","1352","79.47699999809265"
"visionary-puddle-1268","63","-","","10","sconf_image(""final/f15.png"")","0.009220036678016186","0.009220036678016186","975","61.11999750137329"
"clear-wave-1267","115","-","","10","sconf_image(""final/corrosion.png"")","0.00971749797463417","0.00971749797463417","1588","112.7619993686676"
"solar-voice-1266","108","-","","10","sconf_image(""final/cathedral.png"")","0.009983818046748638","0.009983818046748638","1557","106.3680009841919"
"effortless-fog-1265","83","-","","10","sconf_image(""final/bonito.png"")","0.009764413349330424","0.009764413349330424","1254","80.48299741744995"
"young-snowflake-1264","124","-","","10","sconf_image(""final/boat.png"")","0.009848903864622116","0.009848903864622116","1777","121.74899864196776"
"electric-water-1263","123","-","","10","sconf_image(""final/bear.png"")","0.0098587553948164","0.0098587553948164","1810","120.63100218772888"
"serene-morning-1262","59","-","","10","sconf_image(""final/beach.png"")","0.009921044111251833","0.009921044111251833","999","57.02799725532532"
"valiant-planet-1261","124","-","","10","sconf_image(""final/baboon.png"")","0.009933962486684322","0.009933962486684322","1870","121.70799589157104"
"lyric-tree-1260","205","-","","10","sconf_image(""final/arctic.png"")","0.009973954409360886","0.009973954409360886","2713","202.42099785804749"
"fragrant-wildflower-1259","102","-","","10","sconf_image(""final/arch.png"")","0.00930976029485464","0.00930976029485464","1547","100.17900013923644"
"sunny-dust-1258","150","-","","0","sconf_image(""final/wildflowers.png"")","0.008729754947125912","0.008729754947125912","1555","148.07999897003174"
"crisp-shape-1257","106","-","","0","sconf_image(""final/waterfall.png"")","0.009935405105352402","0.009935405105352402","1091","103.91798901557922"
"icy-pine-1256","96","-","","0","sconf_image(""final/water.png"")","0.009778112173080444","0.009778112173080444","982","93.93099927902222"
"skilled-durian-1255","88","-","","0","sconf_image(""final/watch.png"")","0.009908297099173067","0.009908297099173067","898","85.64900135993958"
"dulcet-eon-1254","101","-","","0","sconf_image(""final/stress.png"")","0.00999233778566122","0.00999233778566122","1051","100.22499918937685"
"gallant-sunset-1253","154","-","","0","sconf_image(""final/rose.png"")","0.00996690895408392","0.00996690895408392","1591","151.66199946403503"
"light-pyramid-1252","161","-","","0","sconf_image(""final/pills.png"")","0.00999047514051199","0.00999047514051199","1684","159.1539945602417"
"grateful-planet-1251","142","-","","0","sconf_image(""final/peppers.png"")","0.008356310427188873","0.008356310427188873","1472","140.0320022106171"
"lemon-durian-1250","134","-","","0","sconf_image(""final/opera.png"")","0.009851772338151932","0.009851772338151932","1385","131.6219985485077"
"worthy-moon-1249","176","-","","0","sconf_image(""final/newyork.png"")","0.009744624607264996","0.009744624607264996","1823","173.6659963130951"
"unique-flower-1248","91","-","","0","sconf_image(""final/machine.png"")","0.00986439548432827","0.00986439548432827","934","88.86200022697449"
"hopeful-dragon-1247","86","-","","0","sconf_image(""final/lena.png"")","0.009483702480793","0.009483702480793","873","83.62499809265137"
"legendary-dragon-1246","140","-","","0","sconf_image(""final/lake.png"")","0.00961694587022066","0.00961694587022066","1454","139.1969997882843"
"lyric-oath-1245","121","-","","0","sconf_image(""final/kid.png"")","0.00986700877547264","0.00986700877547264","1250","118.3390007019043"
"cool-paper-1244","90","-","","0","sconf_image(""final/fontaine.png"")","0.009841148741543291","0.009841148741543291","925","87.68599796295166"
"fallen-violet-1243","178","-","","0","sconf_image(""final/f16.png"")","0.00993457343429327","0.00993457343429327","1824","175.63199877738953"
"fresh-lake-1242","75","-","","0","sconf_image(""final/f15.png"")","0.009703274816274645","0.009703274816274645","713","71.19599986076355"
"glad-breeze-1241","182","-","","0","sconf_image(""final/corrosion.png"")","0.009692982770502567","0.009692982770502567","1834","179.89299964904785"
"astral-moon-1240","114","-","","0","sconf_image(""final/cathedral.png"")","0.00936624314635992","0.00936624314635992","1180","112.10999965667725"
"resilient-butterfly-1239","115","-","","0","sconf_image(""final/bonito.png"")","0.009949005208909512","0.009949005208909512","1188","112.72999906539916"
"distinctive-salad-1238","131","-","","0","sconf_image(""final/boat.png"")","0.009783141314983368","0.009783141314983368","1355","128.60899591445923"
"faithful-lion-1237","134","-","","0","sconf_image(""final/bear.png"")","0.009417979046702383","0.009417979046702383","1387","131.3210015296936"
"misty-sun-1236","77","-","","0","sconf_image(""final/beach.png"")","0.009754239581525326","0.009754239581525326","800","75.69799399375916"
"absurd-dream-1235","168","-","","0","sconf_image(""final/baboon.png"")","0.009703405201435087","0.009703405201435087","1762","165.62899732589722"
"flowing-blaze-1234","157","-","","0","sconf_image(""final/arctic.png"")","0.009689358994364738","0.009689358994364738","1638","154.51599860191345"
"easy-rain-1233","192","-","","0","sconf_image(""final/arch.png"")","0.009656667709350586","0.009656667709350586","2031","190.20499897003177"
"balmy-terrain-1232","112","-","","10","sconf_image(""final/wildflowers.png"")","0.009791083633899689","0.009791083633899689","1562","110.73599529266356"
"efficient-planet-1231","80","-","","10","sconf_image(""final/waterfall.png"")","0.009384188801050186","0.009384188801050186","1225","78.0159969329834"
"eager-monkey-1230","82","-","","10","sconf_image(""final/water.png"")","0.009231552481651306","0.009231552481651306","1245","79.96499967575073"
"eternal-hill-1229","72","-","","10","sconf_image(""final/watch.png"")","0.009978686459362509","0.009978686459362509","1062","70.24700117111206"
"jolly-yogurt-1228","81","-","","10","sconf_image(""final/stress.png"")","0.00977893266826868","0.00977893266826868","1218","78.61999845504761"
"generous-elevator-1227","96","-","","10","sconf_image(""final/rose.png"")","0.009984823875129225","0.009984823875129225","1433","93.29500150680542"
"royal-sponge-1226","130","-","","10","sconf_image(""final/pills.png"")","0.00930788367986679","0.00930788367986679","2021","127.71399879455566"
"dazzling-dust-1225","98","-","","10","sconf_image(""final/peppers.png"")","0.009796767495572569","0.009796767495572569","1487","95.82400012016296"
"sunny-plasma-1224","85","-","","10","sconf_image(""final/opera.png"")","0.008675036020576954","0.008675036020576954","1210","83.59999585151672"
"chocolate-jazz-1223","172","-","","10","sconf_image(""final/newyork.png"")","0.009794830344617369","0.009794830344617369","2320","169.6189980506897"
"sage-energy-1222","72","-","","10","sconf_image(""final/machine.png"")","0.00922879669815302","0.00922879669815302","1102","69.42500019073486"
"dark-plant-1221","91","-","","10","sconf_image(""final/lena.png"")","0.008689825423061848","0.008689825423061848","1363","88.28999924659729"
"exalted-frost-1220","197","-","","10","sconf_image(""final/lake.png"")","0.009631368331611156","0.009631368331611156","2819","195.10699796676636"
"flowing-jazz-1219","88","-","","10","sconf_image(""final/kid.png"")","0.009263253770768642","0.009263253770768642","1306","85.72200036048889"
"sweet-rain-1218","63","-","","10","sconf_image(""final/fontaine.png"")","0.009684077464044094","0.009684077464044094","991","61.254995584487915"
"dandy-glitter-1217","109","-","","10","sconf_image(""final/f16.png"")","0.009857113473117352","0.009857113473117352","1708","106.74200010299684"
"woven-donkey-1216","62","-","","10","sconf_image(""final/f15.png"")","0.009908226318657398","0.009908226318657398","906","59.26499962806702"
"noble-plant-1215","83","-","","10","sconf_image(""final/corrosion.png"")","0.009396001696586607","0.009396001696586607","1284","80.67299890518188"
"absurd-fog-1214","97","-","","10","sconf_image(""final/cathedral.png"")","0.009887289255857468","0.009887289255857468","1375","95.0859990119934"
"breezy-monkey-1213","77","-","","10","sconf_image(""final/bonito.png"")","0.009925823658704758","0.009925823658704758","1126","74.45399737358093"
"spring-planet-1212","78","-","","10","sconf_image(""final/boat.png"")","0.009502186439931393","0.009502186439931393","1262","75.74999690055847"
"dutiful-waterfall-1211","146","-","","10","sconf_image(""final/bear.png"")","0.00950026884675026","0.00950026884675026","2087","143.60999989509585"
"fallen-spaceship-1210","59","-","","10","sconf_image(""final/beach.png"")","0.009600627236068249","0.009600627236068249","874","56.207998514175415"
"zany-bee-1209","112","-","","10","sconf_image(""final/baboon.png"")","0.009777825325727465","0.009777825325727465","1877","111.28399872779846"
"twilight-elevator-1208","155","-","","10","sconf_image(""final/arctic.png"")","0.009929305873811243","0.009929305873811243","2254","152.55499935150146"
"upbeat-cloud-1207","165","-","","10","sconf_image(""final/arch.png"")","0.009635704569518566","0.009635704569518566","2337","162.3829996585846"
"graceful-galaxy-1206","153","-","","0","sconf_image(""final/wildflowers.png"")","0.009912338107824326","0.009912338107824326","1599","151.1890003681183"
"playful-eon-1205","96","-","","0","sconf_image(""final/waterfall.png"")","0.009821885265409946","0.009821885265409946","994","93.64600038528442"
"fallen-donkey-1204","100","-","","0","sconf_image(""final/water.png"")","0.009765947237610815","0.009765947237610815","1047","98.0779960155487"
"cerulean-waterfall-1203","110","-","","0","sconf_image(""final/watch.png"")","0.009787293151021004","0.009787293151021004","1146","107.37199926376344"
"hopeful-snow-1202","135","-","","0","sconf_image(""final/stress.png"")","0.009766011498868464","0.009766011498868464","1411","132.47599697113037"
"summer-deluge-1201","195","-","","0","sconf_image(""final/rose.png"")","0.009932323358953","0.009932323358953","2065","192.6639974117279"
"dry-voice-1200","167","-","","0","sconf_image(""final/pills.png"")","0.009167342446744442","0.009167342446744442","1751","164.69099950790405"
"driven-waterfall-1199","116","-","","0","sconf_image(""final/peppers.png"")","0.009839282371103764","0.009839282371103764","1203","113.6589982509613"
"decent-grass-1198","152","-","","0","sconf_image(""final/opera.png"")","0.009417712688446043","0.009417712688446043","1602","149.84999775886536"
"soft-lion-1197","172","-","","0","sconf_image(""final/newyork.png"")","0.009628633968532084","0.009628633968532084","1816","169.84699773788452"
"giddy-pyramid-1196","110","-","","0","sconf_image(""final/machine.png"")","0.008464973419904709","0.008464973419904709","1159","108.7469997406006"
"skilled-water-1195","160","-","","0","sconf_image(""final/lena.png"")","0.009602056816220284","0.009602056816220284","1688","158.04699754714966"
"comic-sea-1194","174","-","","0","sconf_image(""final/lake.png"")","0.00995962042361498","0.00995962042361498","1830","171.38299942016602"
"autumn-disco-1193","99","-","","0","sconf_image(""final/kid.png"")","0.00907954666763544","0.00907954666763544","1025","97.22399878501892"
"azure-valley-1192","105","-","","0","sconf_image(""final/fontaine.png"")","0.009907984174787998","0.009907984174787998","1079","102.5729968547821"
"leafy-music-1191","135","-","","0","sconf_image(""final/f16.png"")","0.009146887809038162","0.009146887809038162","1423","133.68900156021118"
"different-pine-1190","61","-","","0","sconf_image(""final/f15.png"")","0.009680725634098051","0.009680725634098051","615","58.96399974822998"
"super-wind-1189","145","-","","0","sconf_image(""final/corrosion.png"")","0.009298236109316347","0.009298236109316347","1509","143.096999168396"
"devout-bush-1188","129","-","","0","sconf_image(""final/cathedral.png"")","0.009908941574394705","0.009908941574394705","1337","126.427996635437"
"ancient-silence-1187","115","-","","0","sconf_image(""final/bonito.png"")","0.009920799173414707","0.009920799173414707","1198","113.20500087738036"
"ethereal-wood-1186","148","-","","0","sconf_image(""final/boat.png"")","0.009711448103189468","0.009711448103189468","1543","145.70299887657166"
"astral-river-1185","143","-","","0","sconf_image(""final/bear.png"")","0.009377866052091122","0.009377866052091122","1433","141.00999975204468"
"rich-flower-1184","70","-","","0","sconf_image(""final/beach.png"")","0.009945170022547243","0.009945170022547243","717","67.83399868011475"
"rare-thunder-1183","138","-","","0","sconf_image(""final/baboon.png"")","0.009943246841430664","0.009943246841430664","1438","135.7819995880127"
"tough-galaxy-1182","193","-","","0","sconf_image(""final/arctic.png"")","0.008643807843327522","0.008643807843327522","2019","190.72299909591675"
"wise-waterfall-1181","194","-","","0","sconf_image(""final/arch.png"")","0.00970813538879156","0.00970813538879156","2021","192.1859974861145"
"honest-fog-1180","113","-","","10","sconf_image(""final/wildflowers.png"")","0.009265442378818989","0.009265442378818989","1648","111.5639991760254"
"magic-bird-1179","104","-","","10","sconf_image(""final/waterfall.png"")","0.009924572892487047","0.009924572892487047","1449","101.4329993724823"
"scarlet-planet-1178","67","-","","10","sconf_image(""final/water.png"")","0.00996966753154993","0.00996966753154993","968","64.84099745750427"
"firm-eon-1177","69","-","","10","sconf_image(""final/watch.png"")","0.008721570484340191","0.008721570484340191","945","66.49400091171265"
"proud-jazz-1176","67","-","","10","sconf_image(""final/stress.png"")","0.009892117232084274","0.009892117232084274","1032","64.66699981689453"
"devoted-star-1175","125","-","","10","sconf_image(""final/rose.png"")","0.00997412670403719","0.00997412670403719","1674","122.5319983959198"
"blooming-yogurt-1174","103","-","","10","sconf_image(""final/pills.png"")","0.0099269300699234","0.0099269300699234","1607","101.06599760055542"
"curious-spaceship-1173","87","-","","10","sconf_image(""final/peppers.png"")","0.00981724727898836","0.00981724727898836","1283","84.76299524307251"
"misty-puddle-1172","75","-","","10","sconf_image(""final/opera.png"")","0.009588935412466526","0.009588935412466526","1086","72.39200043678284"
"eager-snowflake-1171","110","-","","10","sconf_image(""final/newyork.png"")","0.00969789642840624","0.00969789642840624","1509","107.2929995059967"
"feasible-dragon-1170","85","-","","10","sconf_image(""final/machine.png"")","0.009223845787346365","0.009223845787346365","1231","83.43499970436096"
"fresh-smoke-1169","85","-","","10","sconf_image(""final/lena.png"")","0.00937602762132883","0.00937602762132883","1236","82.15899848937988"
"robust-durian-1168","189","-","","10","sconf_image(""final/lake.png"")","0.009121042676270008","0.009121042676270008","2506","186.68099975585935"
"breezy-plasma-1167","83","-","","10","sconf_image(""final/kid.png"")","0.009161390364170074","0.009161390364170074","1220","79.61999940872192"
"major-microwave-1166","78","-","","10","sconf_image(""final/fontaine.png"")","0.00962434709072113","0.00962434709072113","1213","75.54500102996826"
"clear-puddle-1165","146","-","","10","sconf_image(""final/f16.png"")","0.009901188313961027","0.009901188313961027","2157","143.29199838638306"
"stellar-valley-1164","51","-","","10","sconf_image(""final/f15.png"")","0.009479712694883348","0.009479712694883348","731","49.249998569488525"
"still-oath-1163","102","-","","10","sconf_image(""final/corrosion.png"")","0.008245744742453098","0.008245744742453098","1405","99.895001411438"
"scarlet-brook-1162","126","-","","10","sconf_image(""final/cathedral.png"")","0.009887420572340488","0.009887420572340488","1803","123.89499855041504"
"vocal-water-1161","91","-","","10","sconf_image(""final/bonito.png"")","0.009697633795440195","0.009697633795440195","1319","89.53099870681763"
"silver-tree-1160","124","-","","10","sconf_image(""final/boat.png"")","0.009860489517450333","0.009860489517450333","1780","121.84799432754517"
"silver-energy-1159","121","-","","10","sconf_image(""final/bear.png"")","0.008910728618502617","0.008910728618502617","1853","119.0329999923706"
"gentle-microwave-1158","64","-","","10","sconf_image(""final/beach.png"")","0.009820041246712208","0.009820041246712208","1078","62.04100012779236"
"jolly-dawn-1157","108","-","","10","sconf_image(""final/baboon.png"")","0.009606186300516129","0.009606186300516129","1599","105.89599776268004"
"scarlet-flower-1156","144","-","","10","sconf_image(""final/arctic.png"")","0.009968158788979052","0.009968158788979052","1857","142.13699793815613"
"earnest-frog-1155","122","-","","10","sconf_image(""final/arch.png"")","0.009992506355047226","0.009992506355047226","1749","119.37799787521362"
"serene-firebrand-1154","124","-","","0","sconf_image(""final/wildflowers.png"")","0.009788173250854015","0.009788173250854015","1297","121.21099781990053"
"rare-frog-1153","113","-","","0","sconf_image(""final/waterfall.png"")","0.009648587554693222","0.009648587554693222","1175","110.99199986457825"
"desert-bee-1152","103","-","","0","sconf_image(""final/water.png"")","0.009372401051223278","0.009372401051223278","1067","100.9709973335266"
"laced-sky-1151","95","-","","0","sconf_image(""final/watch.png"")","0.009366126731038094","0.009366126731038094","984","92.62499833106996"
"fiery-oath-1150","83","-","","0","sconf_image(""final/stress.png"")","0.009864495135843754","0.009864495135843754","855","81.04699683189392"
"sleek-dawn-1149","182","-","","0","sconf_image(""final/rose.png"")","0.009597175754606724","0.009597175754606724","1906","179.91599440574646"
"honest-monkey-1148","159","-","","0","sconf_image(""final/pills.png"")","0.009559760801494122","0.009559760801494122","1659","156.9179983139038"
"honest-gorge-1147","159","-","","0","sconf_image(""final/peppers.png"")","0.009309357963502409","0.009309357963502409","1655","156.44499921798706"
"devout-donkey-1146","135","-","","0","sconf_image(""final/opera.png"")","0.009519184939563274","0.009519184939563274","1411","132.6949999332428"
"unique-thunder-1145","185","-","","0","sconf_image(""final/newyork.png"")","0.009993135929107666","0.009993135929107666","1933","182.90399956703183"
"apricot-meadow-1144","97","-","","0","sconf_image(""final/machine.png"")","0.009464247152209282","0.009464247152209282","1010","96.22999954223631"
"icy-pyramid-1143","118","-","","0","sconf_image(""final/lena.png"")","0.009768351912498474","0.009768351912498474","1226","116.77200055122375"
"drawn-cherry-1142","205","-","","0","sconf_image(""final/lake.png"")","0.009695886634290218","0.009695886634290218","2144","203.00200009346008"
"spring-hill-1141","123","-","","0","sconf_image(""final/kid.png"")","0.009896203875541689","0.009896203875541689","1283","120.51899933815002"
"generous-firefly-1140","123","-","","0","sconf_image(""final/fontaine.png"")","0.00954036321491003","0.00954036321491003","1288","121.16200017929076"
"worldly-valley-1139","160","-","","0","sconf_image(""final/f16.png"")","0.009624058380723","0.009624058380723","1686","157.73200035095215"
"graceful-firefly-1138","82","-","","0","sconf_image(""final/f15.png"")","0.009951225481927397","0.009951225481927397","846","79.89700031280518"
"azure-shadow-1137","152","-","","0","sconf_image(""final/corrosion.png"")","0.009202783927321434","0.009202783927321434","1603","150.28299498558044"
"vital-resonance-1136","158","-","","0","sconf_image(""final/cathedral.png"")","0.009894984774291515","0.009894984774291515","1660","155.83399963378906"
"rare-resonance-1135","107","-","","0","sconf_image(""final/bonito.png"")","0.009876469150185583","0.009876469150185583","1106","105.16700077056883"
"stellar-bush-1134","145","-","","0","sconf_image(""final/boat.png"")","0.009839843958616257","0.009839843958616257","1504","143.2429986000061"
"leafy-dawn-1133","120","-","","0","sconf_image(""final/bear.png"")","0.009255497716367245","0.009255497716367245","1234","117.4229998588562"
"expert-terrain-1132","114","-","","0","sconf_image(""final/beach.png"")","0.008131937123835087","0.008131937123835087","1173","111.52899956703186"
"denim-star-1131","111","-","","0","sconf_image(""final/baboon.png"")","0.009860355406999588","0.009860355406999588","1150","109.03599786758424"
"gentle-fog-1130","142","-","","0","sconf_image(""final/arctic.png"")","0.009672822430729866","0.009672822430729866","1484","140.08499908447266"
"easy-gorge-1129","118","-","","0","sconf_image(""final/arch.png"")","0.009831618517637253","0.009831618517637253","1232","116.01200008392334"
"swept-silence-1128","115","-","","10","sconf_image(""final/wildflowers.png"")","0.009433851577341557","0.009433851577341557","1662","112.5799844264984"
"upbeat-dust-1127","100","-","","10","sconf_image(""final/waterfall.png"")","0.009635771624743938","0.009635771624743938","1465","97.72799944877625"
"efficient-water-1126","76","-","","10","sconf_image(""final/water.png"")","0.00967690907418728","0.00967690907418728","1081","73.67899584770203"
"helpful-totem-1125","58","-","","10","sconf_image(""final/watch.png"")","0.009972535073757172","0.009972535073757172","861","55.430999994277954"
"royal-dawn-1124","85","-","","10","sconf_image(""final/stress.png"")","0.009374689310789108","0.009374689310789108","1257","83.26399993896484"
"skilled-bird-1123","100","-","","10","sconf_image(""final/rose.png"")","0.006872851401567459","0.006872851401567459","1429","97.72500157356262"
"sage-microwave-1122","141","-","","10","sconf_image(""final/pills.png"")","0.008757865987718105","0.008757865987718105","1994","138.9910011291504"
"robust-plant-1121","88","-","","10","sconf_image(""final/peppers.png"")","0.009951626881957054","0.009951626881957054","1294","86.25498843193054"
"fresh-brook-1120","88","-","","10","sconf_image(""final/opera.png"")","0.00945222284644842","0.00945222284644842","1242","85.87099957466125"
"desert-firebrand-1119","124","-","","10","sconf_image(""final/newyork.png"")","0.009420891292393208","0.009420891292393208","1712","121.96899795532228"
"misunderstood-rain-1118","78","-","","10","sconf_image(""final/machine.png"")","0.00974621158093214","0.00974621158093214","1192","75.70599865913391"
"fearless-darkness-1117","94","-","","10","sconf_image(""final/lena.png"")","0.009957135654985905","0.009957135654985905","1344","92.14699816703796"
"kind-dragon-1116","116","-","","10","sconf_image(""final/lake.png"")","0.008462863974273205","0.008462863974273205","1651","113.50999760627748"
"good-butterfly-1115","110","-","","10","sconf_image(""final/kid.png"")","0.009625074453651903","0.009625074453651903","1564","107.21999788284302"
"flowing-dawn-1114","74","-","","10","sconf_image(""final/fontaine.png"")","0.00981143582612276","0.00981143582612276","1232","71.21599960327148"
"pious-bird-1113","132","-","","10","sconf_image(""final/f16.png"")","0.009805561043322086","0.009805561043322086","1956","129.99699902534485"
"wise-galaxy-1112","59","-","","10","sconf_image(""final/f15.png"")","0.009843024425208569","0.009843024425208569","987","57.0220000743866"
"atomic-sun-1111","85","-","","10","sconf_image(""final/corrosion.png"")","0.00991307571530342","0.00991307571530342","1215","82.83399629592896"
"stilted-plasma-1110","88","-","","10","sconf_image(""final/cathedral.png"")","0.00957958586513996","0.00957958586513996","1278","85.98499965667725"
"dulcet-darkness-1109","78","-","","10","sconf_image(""final/bonito.png"")","0.009789388626813889","0.009789388626813889","1168","76.9300012588501"
"eager-durian-1108","118","-","","10","sconf_image(""final/boat.png"")","0.009837704710662363","0.009837704710662363","1686","116.72500109672546"
"winter-frog-1107","127","-","","10","sconf_image(""final/bear.png"")","0.009540203027427197","0.009540203027427197","1868","125.18100070953368"
"ethereal-blaze-1106","54","-","","10","sconf_image(""final/beach.png"")","0.0095076160505414","0.0095076160505414","916","52.39399743080139"
"sunny-paper-1105","101","-","","10","sconf_image(""final/baboon.png"")","0.009618467651307585","0.009618467651307585","1453","98.20199942588806"
"classic-fog-1104","148","-","","10","sconf_image(""final/arctic.png"")","0.00996654573827982","0.00996654573827982","2012","146.3050000667572"
"fragrant-resonance-1103","114","-","","10","sconf_image(""final/arch.png"")","0.009971542283892632","0.009971542283892632","1556","111.84499621391296"
"exalted-fire-1102","143","-","","0","sconf_image(""final/wildflowers.png"")","0.009317170828580856","0.009317170828580856","1480","141.356999874115"
"curious-tree-1101","90","-","","0","sconf_image(""final/waterfall.png"")","0.009366118349134922","0.009366118349134922","930","87.79600095748901"
"comfy-microwave-1100","104","-","","0","sconf_image(""final/water.png"")","0.009818552993237972","0.009818552993237972","1080","102.13500094413756"
"wobbly-monkey-1099","89","-","","0","sconf_image(""final/watch.png"")","0.009264666587114334","0.009264666587114334","891","86.45699858665466"
"blooming-disco-1098","124","-","","0","sconf_image(""final/stress.png"")","0.009988239966332912","0.009988239966332912","1289","122.49799942970276"
"fast-frog-1097","198","-","","0","sconf_image(""final/rose.png"")","0.009745674207806587","0.009745674207806587","2057","195.846999168396"
"efficient-vortex-1096","179","-","","0","sconf_image(""final/pills.png"")","0.009462029673159122","0.009462029673159122","1836","176.9720001220703"
"ruby-lake-1095","155","-","","0","sconf_image(""final/peppers.png"")","0.009821352548897266","0.009821352548897266","1607","153.02399682998657"
"swept-wildflower-1094","121","-","","0","sconf_image(""final/opera.png"")","0.00987946894019842","0.00987946894019842","1247","118.4059989452362"
"lunar-snowball-1093","163","-","","0","sconf_image(""final/newyork.png"")","0.009901740588247776","0.009901740588247776","1718","161.7999985218048"
"treasured-resonance-1092","88","-","","0","sconf_image(""final/machine.png"")","0.00996223371475935","0.00996223371475935","887","85.4200005531311"
"divine-dream-1091","116","-","","0","sconf_image(""final/lena.png"")","0.009161130525171757","0.009161130525171757","1184","114.09200263023376"
"whole-fog-1090","228","-","","0","sconf_image(""final/lake.png"")","0.009910461492836475","0.009910461492836475","2408","225.73599886894223"
"rich-hill-1089","115","-","","0","sconf_image(""final/kid.png"")","0.00994574185460806","0.00994574185460806","1189","112.40699648857117"
"noble-salad-1088","115","-","","0","sconf_image(""final/fontaine.png"")","0.009165233932435513","0.009165233932435513","1172","112.51899647712708"
"mild-snowflake-1087","131","-","","0","sconf_image(""final/f16.png"")","0.009981252253055573","0.009981252253055573","1350","129.24699687957764"
"sandy-shape-1086","82","-","","0","sconf_image(""final/f15.png"")","0.00994634721428156","0.00994634721428156","842","80.04399991035461"
"unique-music-1085","151","-","","0","sconf_image(""final/corrosion.png"")","0.009982891380786896","0.009982891380786896","1538","148.88999915122986"
"wobbly-silence-1084","131","-","","0","sconf_image(""final/cathedral.png"")","0.009996702894568443","0.009996702894568443","1380","130.0319995880127"
"unique-fire-1083","96","-","","0","sconf_image(""final/bonito.png"")","0.009694150649011137","0.009694150649011137","992","94.02900075912476"
"fresh-frog-1082","133","-","","0","sconf_image(""final/boat.png"")","0.0095907524228096","0.0095907524228096","1382","130.92199850082395"
"worldly-rain-1081","106","-","","0","sconf_image(""final/bear.png"")","0.009598836302757263","0.009598836302757263","1091","103.7939989566803"
"winter-pyramid-1080","93","-","","0","sconf_image(""final/beach.png"")","0.009932360611855984","0.009932360611855984","951","91.6019983291626"
"legendary-sponge-1079","132","-","","0","sconf_image(""final/baboon.png"")","0.009933829307556152","0.009933829307556152","1374","129.95699524879456"
"likely-dust-1078","248","-","","0","sconf_image(""final/arctic.png"")","0.009995002299547195","0.009995002299547195","2613","246.1549994945526"
"dazzling-terrain-1077","155","-","","0","sconf_image(""final/arch.png"")","0.009702038951218128","0.009702038951218128","1619","152.5939998626709"
"fresh-breeze-1076","116","-","","10","sconf_image(""final/wildflowers.png"")","0.009460210800170898","0.009460210800170898","1672","113.66100072860718"
"breezy-breeze-1075","99","-","","10","sconf_image(""final/waterfall.png"")","0.009563714265823364","0.009563714265823364","1723","96.27499842643738"
"golden-butterfly-1074","83","-","","10","sconf_image(""final/water.png"")","0.00995729025453329","0.00995729025453329","1212","81.00300002098083"
"giddy-gorge-1073","61","-","","10","sconf_image(""final/watch.png"")","0.009469936601817608","0.009469936601817608","950","58.444000244140625"
"ethereal-fire-1072","94","-","","10","sconf_image(""final/stress.png"")","0.009720051661133766","0.009720051661133766","1456","92.42399907112122"
"clear-glade-1071","121","-","","10","sconf_image(""final/rose.png"")","0.008378208614885807","0.008378208614885807","1715","119.04700016975404"
"unique-feather-1070","142","-","","10","sconf_image(""final/pills.png"")","0.008050092495977879","0.008050092495977879","2124","140.50399947166443"
"fast-violet-1069","85","-","","10","sconf_image(""final/peppers.png"")","0.009500172920525074","0.009500172920525074","1247","82.25599837303162"
"grateful-feather-1068","90","-","","10","sconf_image(""final/opera.png"")","0.009740534238517284","0.009740534238517284","1223","88.41099500656128"
"lucky-thunder-1067","116","-","","10","sconf_image(""final/newyork.png"")","0.009803426451981068","0.009803426451981068","1685","113.30899953842165"
"true-dream-1066","81","-","","10","sconf_image(""final/machine.png"")","0.009474887512624264","0.009474887512624264","1219","78.75800037384033"
"cool-spaceship-1065","101","-","","10","sconf_image(""final/lena.png"")","0.009174072183668612","0.009174072183668612","1541","98.5659999847412"
"electric-mountain-1064","128","-","","10","sconf_image(""final/lake.png"")","0.009996945038437843","0.009996945038437843","1863","125.47300052642822"
"solar-flower-1063","102","-","","10","sconf_image(""final/kid.png"")","0.009990151040256023","0.009990151040256023","1375","99.57699966430664"
"youthful-bee-1062","80","-","","10","sconf_image(""final/fontaine.png"")","0.00960926990956068","0.00960926990956068","1224","77.35300135612488"
"sweet-rain-1061","127","-","","10","sconf_image(""final/f16.png"")","0.009699623100459576","0.009699623100459576","1747","124.48300051689148"
"solar-firefly-1060","47","-","","10","sconf_image(""final/f15.png"")","0.009234203957021236","0.009234203957021236","679","44.41400074958801"
"glorious-plasma-1059","91","-","","10","sconf_image(""final/corrosion.png"")","0.009497887454926968","0.009497887454926968","1357","89.13799047470093"
"sweet-breeze-1058","89","-","","10","sconf_image(""final/cathedral.png"")","0.009420022368431091","0.009420022368431091","1243","86.46200013160706"
"dark-waterfall-1057","82","-","","10","sconf_image(""final/bonito.png"")","0.009995021857321262","0.009995021857321262","1179","79.34397792816162"
"usual-puddle-1056","108","-","","10","sconf_image(""final/boat.png"")","0.009528354741632938","0.009528354741632938","1602","106.16399955749512"
"morning-feather-1055","104","-","","10","sconf_image(""final/bear.png"")","0.009922846220433712","0.009922846220433712","1576","101.73899865150452"
"devoted-rain-1054","55","-","","10","sconf_image(""final/beach.png"")","0.009739556349813938","0.009739556349813938","839","52.51500153541565"
"hopeful-sun-1053","110","-","","10","sconf_image(""final/baboon.png"")","0.00990320835262537","0.00990320835262537","1667","107.35599875450134"
"grateful-meadow-1052","184","-","","10","sconf_image(""final/arctic.png"")","0.009945034049451351","0.009945034049451351","2513","181.69700050354004"
"olive-star-1051","111","-","","10","sconf_image(""final/arch.png"")","0.009993258863687515","0.009993258863687515","1624","109.96999835968018"
"flowing-pine-1050","234","-","","0","sconf_image(""final/wildflowers.png"")","0.00982572790235281","0.00982572790235281","2440","231.43397974967957"
"good-wildflower-1049","108","-","","0","sconf_image(""final/waterfall.png"")","0.00993251334875822","0.00993251334875822","1118","105.57100009918211"
"graceful-elevator-1048","104","-","","0","sconf_image(""final/water.png"")","0.009345141239464285","0.009345141239464285","1060","101.2330002784729"
"true-cherry-1047","74","-","","0","sconf_image(""final/watch.png"")","0.009797408245503902","0.009797408245503902","759","72.98500204086304"
"crisp-donkey-1046","139","-","","0","sconf_image(""final/stress.png"")","0.009863062761723995","0.009863062761723995","1425","136.5869972705841"
"lunar-dew-1045","226","-","","0","sconf_image(""final/rose.png"")","0.009901576675474644","0.009901576675474644","2337","224.08499884605408"
"golden-dawn-1044","206","-","","0","sconf_image(""final/pills.png"")","0.009952123276889324","0.009952123276889324","2134","204.0189983844757"
"usual-moon-1043","135","-","","0","sconf_image(""final/peppers.png"")","0.009790509939193726","0.009790509939193726","1400","133.20299983024597"
"amber-silence-1042","127","-","","0","sconf_image(""final/opera.png"")","0.009668607264757156","0.009668607264757156","1293","124.99299931526184"
"dashing-durian-1041","191","-","","0","sconf_image(""final/newyork.png"")","0.00925685092806816","0.00925685092806816","1984","189.01697969436648"
"dark-cloud-1040","95","-","","0","sconf_image(""final/machine.png"")","0.009943910874426363","0.009943910874426363","982","92.57399845123292"
"hearty-darkness-1039","113","-","","0","sconf_image(""final/lena.png"")","0.009513969533145428","0.009513969533145428","1187","111.10900044441225"
"tough-darkness-1038","236","-","","0","sconf_image(""final/lake.png"")","0.0098387124016881","0.0098387124016881","2489","233.95298504829407"
"woven-valley-1037","105","-","","0","sconf_image(""final/kid.png"")","0.009909231215715408","0.009909231215715408","1077","103.10000109672546"
"logical-glade-1036","92","-","","0","sconf_image(""final/fontaine.png"")","0.009269091300666332","0.009269091300666332","940","89.6220052242279"
"comic-plasma-1035","153","-","","0","sconf_image(""final/f16.png"")","0.009153672493994236","0.009153672493994236","1552","150.90399980545044"
"upbeat-salad-1034","65","-","","0","sconf_image(""final/f15.png"")","0.009728544391691685","0.009728544391691685","658","62.7549831867218"
"still-brook-1033","159","-","","0","sconf_image(""final/corrosion.png"")","0.009238422848284245","0.009238422848284245","1640","156.79799818992615"
"dauntless-fog-1032","136","-","","0","sconf_image(""final/cathedral.png"")","0.009821834973990915","0.009821834973990915","1384","133.3730001449585"
"charmed-leaf-1031","126","-","","0","sconf_image(""final/bonito.png"")","0.009523865766823292","0.009523865766823292","1287","123.34999537467957"
"colorful-oath-1030","149","-","","0","sconf_image(""final/boat.png"")","0.009392527863383291","0.009392527863383291","1461","147.0749967098236"
"effortless-sound-1029","115","-","","0","sconf_image(""final/bear.png"")","0.009242406114935877","0.009242406114935877","1162","112.29799818992616"
"whole-star-1028","82","-","","0","sconf_image(""final/beach.png"")","0.009670245461165903","0.009670245461165903","838","79.91100144386292"
"polished-wood-1027","122","-","","0","sconf_image(""final/baboon.png"")","0.009705908596515656","0.009705908596515656","1203","119.85700035095216"
"sparkling-haze-1026","273","-","","0","sconf_image(""final/arctic.png"")","0.009699529968202114","0.009699529968202114","2625","270.6429994106293"
"vital-totem-1025","218","-","","0","sconf_image(""final/arch.png"")","0.009467193856835364","0.009467193856835364","2030","209.53251552581787"
"smooth-elevator-1024","55","-","","0","sconf_image(""final/cathedral.png"")","0.025046003982424736","0.025046003982424736","504",""
"confused-vortex-1023","108","-","","0","sconf_image(""final/bonito.png"")","0.009775747545063496","0.009775747545063496","1098","106.1239800453186"
"usual-fog-1022","158","-","","0","sconf_image(""final/boat.png"")","0.009472980163991451","0.009472980163991451","1597","156.22198033332825"
"smart-plasma-1021","123","-","","0","sconf_image(""final/bear.png"")","0.009780350141227244","0.009780350141227244","1228","120.53699922561646"
"fanciful-dust-1020","81","-","","0","sconf_image(""final/beach.png"")","0.009677114896476269","0.009677114896476269","816","77.50300002098083"
"good-sponge-1019","163","-","","0","sconf_image(""final/baboon.png"")","0.009702865034341812","0.009702865034341812","1588","159.1859962940216"
"sleek-pond-1018","265","-","","0","sconf_image(""final/arctic.png"")","0.00989354308694601","0.00989354308694601","2669","262.8220021724701"
"drawn-frost-1017","242","-","","0","sconf_image(""final/arch.png"")","0.009904149919748306","0.009904149919748306","2175","235.83500123023987"
"fine-cherry-1016","45","-","","0","sconf_image(""final/f16.png"")","0.03327056020498276","0.03327056020498276","433",""
"eager-blaze-1015","95","-","","0","sconf_image(""final/f15.png"")","0.009445725940167904","0.009445725940167904","966","93.03200125694276"
"sparkling-sound-1014","120","-","","0","sconf_image(""final/corrosion.png"")","0.00927759800106287","0.00927759800106287","1243","117.99400091171265"
"glorious-cloud-1013","148","-","","0","sconf_image(""final/cathedral.png"")","0.00986611284315586","0.00986611284315586","1538","145.5079972743988"
"happy-waterfall-1012","129","-","","0","sconf_image(""final/bonito.png"")","0.009962412528693676","0.009962412528693676","1355","128.03999638557434"
"revived-totem-1011","129","-","","0","sconf_image(""final/boat.png"")","0.009925282560288906","0.009925282560288906","1349","126.6819987297058"
"dandy-glade-1010","150","-","","0","sconf_image(""final/bear.png"")","0.00988403707742691","0.00988403707742691","1525","147.47599935531616"
"olive-glade-1009","86","-","","0","sconf_image(""final/beach.png"")","0.009821582585573196","0.009821582585573196","871","83.41199970245361"
"devoted-terrain-1008","109","-","","0","sconf_image(""final/baboon.png"")","0.009112275205552578","0.009112275205552578","1094","106.77100038528442"
"happy-glitter-1007","152","-","","0","sconf_image(""final/arctic.png"")","0.009640813805162908","0.009640813805162908","1545","149.87700200080872"
"denim-galaxy-1006","236","-","","0","sconf_image(""final/arch.png"")","0.009038512594997885","0.009038512594997885","2406","233.12903118133545"